data,operatori sanitari,altri
2020-01-28,1.0,10
2020-01-29,1.0,12
2020-01-30,1.0,23
2020-01-31,2.0,25
2020-02-01,5.0,37
2020-02-02,3.0,31
2020-02-03,2.0,18
2020-02-04,2.0,17
2020-02-05,1.0,25
2020-02-06,2.0,16
2020-02-07,3.0,13
2020-02-08,0.0,16
2020-02-09,0.0,16
2020-02-10,2.0,48
2020-02-11,3.0,21
2020-02-12,1.0,46
2020-02-13,2.0,39
2020-02-14,5.0,56
2020-02-15,10.0,125
2020-02-16,1.0,73
2020-02-17,8.0,123
2020-02-18,9.0,138
2020-02-19,11.0,116
2020-02-20,20.0,340
2020-02-21,32.0,258
2020-02-22,36.0,314
2020-02-23,33.0,410
2020-02-24,67.0,517
2020-02-25,52.0,671
2020-02-26,44.0,608
2020-02-27,82.0,670
2020-02-28,83.0,966
2020-02-29,82.0,843
2020-03-01,155.0,1932
2020-03-02,160.0,1474
2020-03-03,152.0,1686
2020-03-04,187.0,1391
2020-03-05,233.0,1898
2020-03-06,292.0,2050
2020-03-07,299.0,2198
2020-03-08,378.0,2580
2020-03-09,529.0,2918
2020-03-10,571.0,4180
2020-03-11,491.0,2733
2020-03-12,560.0,3076
2020-03-13,652.0,3442
2020-03-14,494.0,3025
2020-03-15,623.0,3861
2020-03-16,659.0,3463
2020-03-17,496.0,2976
2020-03-18,534.0,3052
2020-03-19,494.0,2673
2020-03-20,622.0,4053
2020-03-21,387.0,2431
2020-03-22,480.0,2367
2020-03-23,547.0,2766
2020-03-24,463.0,2143
2020-03-25,480.0,2352
2020-03-26,378.0,1983
2020-03-27,389.0,2169
2020-03-28,397.0,1914
2020-03-29,347.0,1496
2020-03-30,497.0,2246
2020-03-31,366.0,1581
2020-04-01,445.0,2569
2020-04-02,342.0,1600
2020-04-03,393.0,1622
2020-04-04,264.0,1406
2020-04-05,244.0,1244
2020-04-06,328.0,1405
2020-04-07,270.0,1319
2020-04-08,274.0,1337
2020-04-09,230.0,1259
2020-04-10,283.0,1686
2020-04-11,210.0,968
2020-04-12,208.0,1080
2020-04-13,202.0,986
2020-04-14,216.0,1188
2020-04-15,215.0,1391
2020-04-16,231.0,1057
2020-04-17,203.0,1053
2020-04-18,150.0,874
2020-04-19,116.0,701
2020-04-20,235.0,1275
2020-04-21,141.0,798
2020-04-22,151.0,812
2020-04-23,165.0,730
2020-04-24,136.0,643
2020-04-25,100.0,574
2020-04-26,79.0,481
2020-04-27,114.0,755
2020-04-28,91.0,525
2020-04-29,91.0,488
2020-04-30,85.0,456
2020-05-01,64.0,457
2020-05-02,55.0,328
2020-05-03,46.0,249
2020-05-04,61.0,356
2020-05-05,47.0,404
2020-05-06,50.0,315
2020-05-07,53.0,299
2020-05-08,39.0,351
2020-05-09,30.0,182
2020-05-10,30.0,220
2020-05-11,36.0,279
2020-05-12,33.0,280
2020-05-13,33.0,237
2020-05-14,38.0,197
2020-05-15,31.0,244
2020-05-16,19.0,162
2020-05-17,18.0,131
2020-05-18,24.0,216
2020-05-19,21.0,180
2020-05-20,22.0,190
2020-05-21,13.0,148
2020-05-22,9.0,132
2020-05-23,9.0,102
2020-05-24,6.0,81
2020-05-25,14.0,169
2020-05-26,8.0,136
2020-05-27,13.0,144
2020-05-28,3.0,116
2020-05-29,2.0,105
2020-05-30,3.0,89
2020-05-31,1.0,58
2020-06-01,9.0,117
2020-06-02,3.0,50
2020-06-03,4.0,107
2020-06-04,5.0,81
2020-06-05,8.0,102
2020-06-06,8.0,63
2020-06-07,7.0,52
2020-06-08,6.0,101
2020-06-09,6.0,88
2020-06-10,6.0,82
2020-06-11,4.0,75
2020-06-12,2.0,98
2020-06-13,3.0,58
2020-06-14,5.0,65
2020-06-15,2.0,94
2020-06-16,7.0,84
2020-06-17,5.0,69
2020-06-18,5.0,71
2020-06-19,6.0,62
2020-06-20,2.0,58
2020-06-21,4.0,50
2020-06-22,1.0,73
2020-06-23,2.0,64
2020-06-24,3.0,87
2020-06-25,0.0,69
2020-06-26,2.0,86
2020-06-27,3.0,55
2020-06-28,3.0,47
2020-06-29,1.0,85
2020-06-30,0.0,62
2020-07-01,2.0,96
2020-07-02,4.0,68
2020-07-03,2.0,63
2020-07-04,2.0,62
2020-07-05,3.0,53
2020-07-06,2.0,85
2020-07-07,1.0,92
2020-07-08,1.0,93
2020-07-09,0.0,77
2020-07-10,3.0,97
2020-07-11,2.0,73
2020-07-12,2.0,65
2020-07-13,1.0,94
2020-07-14,2.0,95
2020-07-15,5.0,84
2020-07-16,3.0,76
2020-07-17,2.0,95
2020-07-18,3.0,80
2020-07-19,2.0,79
2020-07-20,4.0,121
2020-07-21,5.0,105
2020-07-22,4.0,107
2020-07-23,6.0,110
2020-07-24,5.0,90
2020-07-25,5.0,112
2020-07-26,2.0,92
2020-07-27,3.0,115
2020-07-28,4.0,124
2020-07-29,4.0,120
2020-07-30,3.0,102
2020-07-31,6.0,103
2020-08-01,5.0,139
2020-08-02,6.0,104
2020-08-03,4.0,189
2020-08-04,4.0,169
2020-08-05,7.0,176
2020-08-06,4.0,176
2020-08-07,4.0,177
2020-08-08,5.0,218
2020-08-09,6.0,178
2020-08-10,9.0,240
2020-08-11,10.0,221
2020-08-12,7.0,234
2020-08-13,5.0,254
2020-08-14,4.0,249
2020-08-15,10.0,300
2020-08-16,8.0,308
2020-08-17,14.0,493
2020-08-18,13.0,530
2020-08-19,16.0,490
2020-08-20,14.0,493
2020-08-21,17.0,532
2020-08-22,15.0,495
2020-08-23,14.0,514
2020-08-24,15.0,588
2020-08-25,21.0,541
2020-08-26,16.0,520
2020-08-27,10.0,475
2020-08-28,14.0,468
2020-08-29,10.0,365
2020-08-30,11.0,374
2020-08-31,15.0,460
2020-09-01,22.0,587
2020-09-02,22.0,500
2020-09-03,20.0,459
2020-09-04,15.0,533
2020-09-05,23.0,423
2020-09-06,16.0,427
2020-09-07,22.0,655
2020-09-08,33.0,524
2020-09-09,13.0,567
2020-09-10,25.0,594
2020-09-11,25.0,509
2020-09-12,20.0,530
2020-09-13,15.0,491
2020-09-14,35.0,697
2020-09-15,24.0,711
2020-09-16,20.0,652
2020-09-17,29.0,662
2020-09-18,19.0,656
2020-09-19,19.0,618
2020-09-20,18.0,650
2020-09-21,29.0,734
2020-09-22,21.0,737
2020-09-23,26.0,700
2020-09-24,24.0,633
2020-09-25,28.0,763
2020-09-26,30.0,726
2020-09-27,24.0,785
2020-09-28,44.0,1043
2020-09-29,44.0,981
2020-09-30,61.0,1283
2020-10-01,67.0,1696
2020-10-02,66.0,1685
2020-10-03,77.0,1830
2020-10-04,78.0,1786
2020-10-05,92.0,2482
2020-10-06,124.0,2273
2020-10-07,114.0,2707
2020-10-08,114.0,2843
2020-10-09,140.0,3132
2020-10-10,183.0,3414
2020-10-11,150.0,3003
2020-10-12,245.0,4705
2020-10-13,230.0,4401
2020-10-14,230.0,4788
2020-10-15,248.0,5232
2020-10-16,308.0,5813
2020-10-17,282.0,5647
2020-10-18,273.0,5893
2020-10-19,403.0,7636
2020-10-20,434.0,8335
2020-10-21,387.0,7743
2020-10-22,426.0,7787
2020-10-23,464.0,8398
2020-10-24,429.0,7988
2020-10-25,440.0,8091
2020-10-26,494.0,10248
2020-10-27,448.0,8810
2020-10-28,442.0,9181
2020-10-29,430.0,8710
2020-10-30,468.0,9282
2020-10-31,413.0,7865
2020-11-01,458.0,10045
2020-11-02,543.0,11535
2020-11-03,448.0,9763
2020-11-04,542.0,9941
2020-11-05,467.0,9786
2020-11-06,480.0,10437
2020-11-07,463.0,9205
2020-11-08,421.0,8545
2020-11-09,532.0,10977
2020-11-10,483.0,10289
2020-11-11,435.0,8889
2020-11-12,476.0,8655
2020-11-13,479.0,9321
2020-11-14,439.0,8167
2020-11-15,418.0,7845
2020-11-16,517.0,8979
2020-11-17,404.0,7489
2020-11-18,396.0,7726
2020-11-19,356.0,6290
2020-11-20,442.0,7372
2020-11-21,341.0,5753
2020-11-22,319.0,4985
2020-11-23,454.0,6794
2020-11-24,424.0,5827
2020-11-25,386.0,5996
2020-11-26,418.0,5607
2020-11-27,434.0,5881
2020-11-28,387.0,5420
2020-11-29,322.0,4120
2020-11-30,478.0,6214
2020-12-01,439.0,6473
2020-12-02,456.0,5697
2020-12-03,448.0,5373
2020-12-04,465.0,5670
2020-12-05,389.0,4933
2020-12-06,336.0,4301
2020-12-07,452.0,5585
2020-12-08,357.0,4952
2020-12-09,473.0,5598
2020-12-10,431.0,5559
2020-12-11,384.0,5245
2020-12-12,351.0,5105
2020-12-13,323.0,4527
2020-12-14,463.0,5953
2020-12-15,407.0,5425
2020-12-16,370.0,5384
2020-12-17,359.0,5003
2020-12-18,370.0,5225
2020-12-19,362.0,4868
2020-12-20,357.0,5170
2020-12-21,418.0,5987
2020-12-22,411.0,5719
2020-12-23,388.0,5931
2020-12-24,349.0,6077
2020-12-25,314.0,5381
2020-12-26,364.0,5772
2020-12-27,374.0,6190
2020-12-28,451.0,7700
2020-12-29,347.0,6487
2020-12-30,365.0,6333
2020-12-31,373.0,5981
2021-01-01,330.0,6345
2021-01-02,374.0,6030
2021-01-03,354.0,5786
2021-01-04,413.0,7151
2021-01-05,358.0,6182
2021-01-06,287.0,4960
2021-01-07,323.0,5202
2021-01-08,326.0,4819
2021-01-09,277.0,4367
2021-01-10,300.0,4053
2021-01-11,336.0,4658
2021-01-12,276.0,3965
2021-01-13,262.0,3851
2021-01-14,242.0,3749
2021-01-15,270.0,3886
2021-01-16,231.0,3580
2021-01-17,228.0,3196
2021-01-18,302.0,4224
2021-01-19,246.0,3845
2021-01-20,237.0,4170
2021-01-21,218.0,3649
2021-01-22,221.0,3933
2021-01-23,187.0,4008
2021-01-24,161.0,3586
2021-01-25,185.0,4403
2021-01-26,154.0,3845
2021-01-27,128.0,3893
2021-01-28,115.0,3842
2021-01-29,136.0,3670
2021-01-30,87.0,3546
2021-01-31,94.0,3409
2021-02-01,143.0,5064
2021-02-02,124.0,4217
2021-02-03,102.0,4216
2021-02-04,91.0,4105
2021-02-05,103.0,4244
2021-02-06,85.0,4277
2021-02-07,92.0,3908
2021-02-08,109.0,4814
2021-02-09,88.0,4321
2021-02-10,76.0,4810
2021-02-11,76.0,4159
2021-02-12,69.0,4436
2021-02-13,66.0,4190
2021-02-14,45.0,4355
2021-02-15,73.0,5687
2021-02-16,71.0,5289
2021-02-17,68.0,5795
2021-02-18,79.0,6010
2021-02-19,76.0,6219
2021-02-20,81.0,6740
2021-02-21,65.0,6255
2021-02-22,86.0,8235
2021-02-23,69.0,7506
2021-02-24,73.0,7730
2021-02-25,64.0,7415
2021-02-26,76.0,7942
2021-02-27,81.0,7579
2021-02-28,59.0,7291
2021-03-01,107.0,11183
2021-03-02,78.0,9304
2021-03-03,91.0,9555
2021-03-04,67.0,9138
2021-03-05,88.0,9897
2021-03-06,63.0,9389
2021-03-07,91.0,8800
2021-03-08,109.0,11392
2021-03-09,90.0,9511
2021-03-10,87.0,10666
2021-03-11,84.0,9291
2021-03-12,97.0,9763
2021-03-13,86.0,9002
2021-03-14,83.0,8580
2021-03-15,98.0,10838
2021-03-16,91.0,8975
2021-03-17,79.0,9032
2021-03-18,70.0,8452
2021-03-19,74.0,8659
2021-03-20,97.0,8617
2021-03-21,74.0,7504
2021-03-22,98.0,9487
2021-03-23,83.0,8341
2021-03-24,103.0,7933
2021-03-25,93.0,7801
2021-03-26,91.0,7569
2021-03-27,96.0,7047
2021-03-28,60.0,6349
2021-03-29,82.0,7881
2021-03-30,93.0,6768
2021-03-31,73.0,5802
2021-04-01,72.0,6306
2021-04-02,70.0,5646
2021-04-03,37.0,4753
2021-04-04,51.0,4435
2021-04-05,53.0,4666
2021-04-06,79.0,5227
2021-04-07,74.0,5234
2021-04-08,53.0,5004
2021-04-09,52.0,4652
2021-04-10,50.0,4828
2021-04-11,60.0,4155
2021-04-12,59.0,5204
2021-04-13,46.0,4602
2021-04-14,61.0,4423
2021-04-15,62.0,4276
2021-04-16,47.0,4323
2021-04-17,46.0,4095
2021-04-18,37.0,4088
2021-04-19,41.0,4957
2021-04-20,58.0,4689
2021-04-21,55.0,4591
2021-04-22,48.0,4319
2021-04-23,50.0,4373
2021-04-24,47.0,4169
2021-04-25,46.0,3806
2021-04-26,45.0,4505
2021-04-27,46.0,3918
2021-04-28,44.0,3597
2021-04-29,44.0,3284
2021-04-30,40.0,3122
2021-05-01,36.0,3320
2021-05-02,31.0,2778
2021-05-03,37.0,3448
2021-05-04,33.0,2951
2021-05-05,41.0,3035
2021-05-06,27.0,2572
2021-05-07,24.0,2497
2021-05-08,30.0,2186
2021-05-09,30.0,2034
2021-05-10,24.0,2536
2021-05-11,22.0,2059
2021-05-12,30.0,1991
2021-05-13,18.0,1787
2021-05-14,16.0,1614
2021-05-15,10.0,1575
2021-05-16,12.0,1404
2021-05-17,15.0,1619
2021-05-18,20.0,1474
2021-05-19,18.0,1296
2021-05-20,14.0,1191
2021-05-21,12.0,1071
2021-05-22,12.0,1004
2021-05-23,11.0,967
2021-05-24,11.0,1146
2021-05-25,11.0,977
2021-05-26,9.0,931
2021-05-27,12.0,875
2021-05-28,6.0,869
2021-05-29,10.0,720
2021-05-30,7.0,674
2021-05-31,9.0,725
2021-06-01,4.0,781
2021-06-02,7.0,695
2021-06-03,9.0,641
2021-06-04,7.0,610
2021-06-05,10.0,585
2021-06-06,9.0,488
2021-06-07,8.0,561
2021-06-08,10.0,474
2021-06-09,4.0,509
2021-06-10,5.0,441
2021-06-11,2.0,359
2021-06-12,5.0,356
2021-06-13,7.0,329
2021-06-14,4.0,389
2021-06-15,6.0,304
2021-06-16,6.0,344
2021-06-17,2.0,271
2021-06-18,1.0,248
2021-06-19,7.0,233
2021-06-20,3.0,236
2021-06-21,3.0,251
2021-06-22,6.0,260
2021-06-23,2.0,265
2021-06-24,7.0,235
2021-06-25,7.0,209
2021-06-26,2.0,202
2021-06-27,2.0,251
2021-06-28,7.0,286
2021-06-29,3.0,324
2021-06-30,11.0,360
2021-07-01,5.0,386
2021-07-02,1.0,353
2021-07-03,9.0,396
2021-07-04,4.0,440
2021-07-05,6.0,543
2021-07-06,8.0,567
2021-07-07,10.0,613
2021-07-08,9.0,621
2021-07-09,15.0,770
2021-07-10,10.0,829
2021-07-11,19.0,829
2021-07-12,21.0,1190
2021-07-13,16.0,1270
2021-07-14,26.0,1558
2021-07-15,22.0,1555
2021-07-16,26.0,1465
2021-07-17,20.0,1467
2021-07-18,29.0,1620
2021-07-19,42.0,1892
2021-07-20,44.0,2141
2021-07-21,42.0,2032
2021-07-22,31.0,1817
2021-07-23,47.0,1838
2021-07-24,39.0,1830
2021-07-25,39.0,1944
2021-07-26,45.0,2305
2021-07-27,48.0,2249
2021-07-28,27.0,2171
2021-07-29,43.0,1872
2021-07-30,41.0,1898
2021-07-31,45.0,1835
2021-08-01,49.0,2060
2021-08-02,52.0,2255
2021-08-03,47.0,2272
2021-08-04,56.0,2212
2021-08-05,51.0,1959
2021-08-06,35.0,1890
2021-08-07,38.0,1852
2021-08-08,38.0,1822
2021-08-09,55.0,2267
2021-08-10,41.0,2231
2021-08-11,55.0,1929
2021-08-12,51.0,1940
2021-08-13,49.0,1784
2021-08-14,48.0,1702
2021-08-15,53.0,1835
2021-08-16,65.0,2228
2021-08-17,56.0,2132
2021-08-18,59.0,2163
2021-08-19,54.0,1953
2021-08-20,46.0,2013
2021-08-21,49.0,1843
2021-08-22,56.0,1938
2021-08-23,58.0,2268
2021-08-24,62.0,1885
2021-08-25,45.0,1943
2021-08-26,35.0,1678
2021-08-27,37.0,1697
2021-08-28,34.0,1663
2021-08-29,52.0,1540
2021-08-30,55.0,1945
2021-08-31,42.0,1691
2021-09-01,48.0,1952
2021-09-02,50.0,1636
2021-09-03,41.0,1592
2021-09-04,34.0,1519
2021-09-05,44.0,1494
2021-09-06,43.0,1786
2021-09-07,37.0,1578
2021-09-08,45.0,1529
2021-09-09,40.0,1399
2021-09-10,39.0,1345
2021-09-11,27.0,1210
2021-09-12,36.0,1245
2021-09-13,58.0,1569
2021-09-14,37.0,1448
2021-09-15,43.0,1407
2021-09-16,38.0,1229
2021-09-17,39.0,1254
2021-09-18,33.0,1186
2021-09-19,40.0,1108
2021-09-20,39.0,1282
2021-09-21,42.0,1143
2021-09-22,34.0,1172
2021-09-23,38.0,1126
2021-09-24,30.0,1129
2021-09-25,28.0,996
2021-09-26,29.0,965
2021-09-27,46.0,1275
2021-09-28,41.0,1053
2021-09-29,37.0,1025
2021-09-30,24.0,950
2021-10-01,28.0,1099
2021-10-02,34.0,928
2021-10-03,27.0,904
2021-10-04,42.0,1095
2021-10-05,30.0,990
2021-10-06,35.0,978
2021-10-07,32.0,834
2021-10-08,31.0,873
2021-10-09,27.0,843
2021-10-10,45.0,974
2021-10-11,35.0,1138
2021-10-12,45.0,995
2021-10-13,57.0,1166
2021-10-14,38.0,1072
2021-10-15,42.0,1101
2021-10-16,57.0,1113
2021-10-17,54.0,1230
2021-10-18,51.0,1613
2021-10-19,76.0,1561
2021-10-20,69.0,1546
2021-10-21,51.0,1633
2021-10-22,54.0,1676
2021-10-23,59.0,1625
2021-10-24,53.0,1659
2021-10-25,70.0,1991
2021-10-26,80.0,1816
2021-10-27,79.0,1943
2021-10-28,72.0,1945
2021-10-29,63.0,1866
2021-10-30,63.0,1920
2021-10-31,67.0,1764
2021-11-01,89.0,2575
2021-11-02,73.0,2805
2021-11-03,95.0,2997
2021-11-04,92.0,2835
2021-11-05,74.0,2898
2021-11-06,65.0,2546
2021-11-07,89.0,2784
2021-11-08,123.0,3550
2021-11-09,108.0,3407
2021-11-10,99.0,3581
2021-11-11,94.0,3427
2021-11-12,93.0,3576
2021-11-13,119.0,3598
2021-11-14,115.0,3859
2021-11-15,120.0,4796
2021-11-16,109.0,4641
2021-11-17,107.0,4803
2021-11-18,112.0,4680
2021-11-19,110.0,4653
2021-11-20,97.0,4772
2021-11-21,83.0,4556
2021-11-22,126.0,6010
2021-11-23,115.0,5485
2021-11-24,119.0,5616
2021-11-25,110.0,5527
2021-11-26,101.0,5508
2021-11-27,95.0,5339
2021-11-28,103.0,5342
2021-11-29,126.0,6688
2021-11-30,112.0,6231
2021-12-01,125.0,7520
2021-12-02,100.0,6371
2021-12-03,97.0,6461
2021-12-04,101.0,6342
2021-12-05,82.0,6308
2021-12-06,120.0,7785
2021-12-07,101.0,7527
2021-12-08,111.0,7680
2021-12-09,114.0,7882
2021-12-10,93.0,8329
2021-12-11,102.0,8145
2021-12-12,89.0,8445
2021-12-13,100.0,10280
2021-12-14,133.0,10080
2021-12-15,114.0,9992
2021-12-16,136.0,9562
2021-12-17,134.0,10240
2021-12-18,121.0,10653
2021-12-19,136.0,11912
2021-12-20,220.0,17268
2021-12-21,260.0,17200
2021-12-22,314.0,18256
2021-12-23,330.0,19199
2021-12-24,350.0,21761
2021-12-25,349.0,22391
2021-12-26,514.0,31591
2021-12-27,743.0,44214
2021-12-28,878.0,42827
2021-12-29,729.0,36444
2021-12-30,627.0,29861
2021-12-31,481.0,24317
2022-01-01,590.0,35020
2022-01-02,631.0,35159
2022-01-03,929.0,47940
2022-01-04,803.0,39652
2022-01-05,682.0,34443
2022-01-06,567.0,29924
2022-01-07,661.0,31397
2022-01-08,512.0,27957
2022-01-09,582.0,29666
2022-01-10,799.0,37439
2022-01-11,630.0,33659
2022-01-12,606.0,31792
2022-01-13,559.0,30988
2022-01-14,508.0,28498
2022-01-15,442.0,28659
2022-01-16,530.0,30543
2022-01-17,739.0,37364
2022-01-18,670.0,33442
2022-01-19,634.0,29906
2022-01-20,600.0,27853
2022-01-21,547.0,24379
2022-01-22,454.0,22743
2022-01-23,492.0,22862
2022-01-24,614.0,29225
2022-01-25,594.0,24496
2022-01-26,512.0,21873
2022-01-27,438.0,19313
2022-01-28,400.0,18189
2022-01-29,374.0,15843
2022-01-30,363.0,15351
2022-01-31,517.0,20037
2022-02-01,459.0,18736
2022-02-02,434.0,16070
2022-02-03,359.0,14219
2022-02-04,304.0,11981
2022-02-05,304.0,11021
2022-02-06,308.0,11006
2022-02-07,357.0,13068
2022-02-08,349.0,10918
2022-02-09,312.0,9754
2022-02-10,268.0,9396
2022-02-11,234.0,8317
2022-02-12,216.0,7248
2022-02-13,238.0,7949
2022-02-14,336.0,10132
2022-02-15,284.0,8472
2022-02-16,270.0,8574
2022-02-17,272.0,8244
2022-02-18,247.0,7211
2022-02-19,187.0,6711
2022-02-20,254.0,7637
2022-02-21,277.0,9287
2022-02-22,297.0,7819
2022-02-23,281.0,8006
2022-02-24,229.0,6194
2022-02-25,190.0,5732
2022-02-26,222.0,5101
2022-02-27,240.0,5760
2022-02-28,334.0,7727
2022-03-01,272.0,7390
2022-03-02,300.0,7356
2022-03-03,286.0,7245
2022-03-04,291.0,7191
2022-03-05,246.0,6943
2022-03-06,337.0,7535
2022-03-07,402.0,9569
2022-03-08,418.0,9365
2022-03-09,402.0,9247
2022-03-10,373.0,9113
2022-03-11,431.0,9289
2022-03-12,412.0,9759
2022-03-13,495.0,11027
2022-03-14,672.0,13639
2022-03-15,666.0,13388
2022-03-16,689.0,13681
2022-03-17,600.0,12389
2022-03-18,526.0,11656
2022-03-19,508.0,11125
2022-03-20,500.0,13019
2022-03-21,646.0,15527
2022-03-22,594.0,14194
2022-03-23,648.0,14047
2022-03-24,512.0,12690
2022-03-25,497.0,11551
2022-03-26,489.0,11281
2022-03-27,523.0,12392
2022-03-28,713.0,15437
2022-03-29,637.0,13891
2022-03-30,588.0,13441
2022-03-31,543.0,11495
2022-04-01,479.0,11573
2022-04-02,411.0,10474
2022-04-03,469.0,10750
2022-04-04,571.0,13597
2022-04-05,593.0,13129
2022-04-06,496.0,13100
2022-04-07,505.0,11548
2022-04-08,488.0,10734
2022-04-09,470.0,10132
2022-04-10,463.0,10626
2022-04-11,568.0,12626
2022-04-12,438.0,11695
2022-04-13,479.0,11638
2022-04-14,452.0,10434
2022-04-15,445.0,9215
2022-04-16,361.0,8186
2022-04-17,464.0,8559
2022-04-18,551.0,10815
2022-04-19,648.0,13544
2022-04-20,593.0,13262
2022-04-21,527.0,11527
2022-04-22,454.0,9959
2022-04-23,371.0,8332
2022-04-24,369.0,8085
2022-04-25,410.0,10347
2022-04-26,550.0,12439
2022-04-27,438.0,11093
2022-04-28,399.0,9416
2022-04-29,341.0,8399
2022-04-30,294.0,7360
2022-05-01,321.0,8844
2022-05-02,403.0,9739
2022-05-03,346.0,8845
2022-05-04,372.0,8326
2022-05-05,277.0,7674
2022-05-06,272.0,7012
2022-05-07,264.0,6526
2022-05-08,263.0,7444
2022-05-09,360.0,8742
2022-05-10,339.0,8417
2022-05-11,268.0,7633
2022-05-12,259.0,6468
2022-05-13,235.0,5749
2022-05-14,186.0,5023
2022-05-15,220.0,5313
2022-05-16,278.0,6339
2022-05-17,239.0,5442
2022-05-18,241.0,4836
2022-05-19,167.0,4101
2022-05-20,169.0,3698
2022-05-21,166.0,3485
2022-05-22,188.0,3817
2022-05-23,220.0,4372
2022-05-24,171.0,3813
2022-05-25,138.0,3412
2022-05-26,141.0,3044
2022-05-27,128.0,2855
2022-05-28,134.0,2524
2022-05-29,101.0,2709
2022-05-30,147.0,3392
2022-05-31,124.0,3007
2022-06-01,129.0,3336
2022-06-02,96.0,3054
2022-06-03,161.0,3494
2022-06-04,133.0,3417
2022-06-05,169.0,3786
2022-06-06,194.0,4705
2022-06-07,216.0,4724
2022-06-08,205.0,4501
2022-06-09,216.0,4288
2022-06-10,169.0,4515
2022-06-11,194.0,4788
2022-06-12,249.0,6206
2022-06-13,342.0,8185
2022-06-14,293.0,8048
2022-06-15,356.0,8055
2022-06-16,282.0,7600
2022-06-17,306.0,7647
2022-06-18,258.0,7615
2022-06-19,324.0,9294
2022-06-20,412.0,11942
2022-06-21,410.0,11564
2022-06-22,399.0,11149
2022-06-23,414.0,10531
2022-06-24,389.0,10841
2022-06-25,324.0,10367
2022-06-26,421.0,12026
2022-06-27,545.0,14666
2022-06-28,484.0,14638
2022-06-29,571.0,13555
2022-06-30,490.0,13192
2022-07-01,493.0,13531
2022-07-02,462.0,11881
2022-07-03,510.0,14274
2022-07-04,625.0,17770
2022-07-05,602.0,16923
2022-07-06,553.0,16101
2022-07-07,521.0,14828
2022-07-08,478.0,13576
2022-07-09,451.0,12508
2022-07-10,461.0,14889
2022-07-11,574.0,17462
2022-07-12,513.0,15789
2022-07-13,494.0,14843
2022-07-14,438.0,12769
2022-07-15,387.0,11359
2022-07-16,354.0,10761
2022-07-17,322.0,11659
2022-07-18,446.0,14159
2022-07-19,364.0,12361
2022-07-20,337.0,11634
2022-07-21,285.0,10047
2022-07-22,274.0,9339
2022-07-23,257.0,8628
2022-07-24,278.0,9550
2022-07-25,345.0,11757
2022-07-26,284.0,10108
2022-07-27,253.0,9126
2022-07-28,216.0,8017
2022-07-29,232.0,7291
2022-07-30,191.0,6552
2022-07-31,209.0,6428
2022-08-01,289.0,9204
2022-08-02,236.0,7271
2022-08-03,191.0,6341
2022-08-04,173.0,5609
2022-08-05,160.0,4797
2022-08-06,158.0,4651
2022-08-07,146.0,4854
2022-08-08,198.0,6025
2022-08-09,132.0,4801
2022-08-10,133.0,4398
2022-08-11,163.0,3932
2022-08-12,119.0,3628
2022-08-13,104.0,3476
2022-08-14,108.0,3569
2022-08-15,163.0,4432
2022-08-16,162.0,5397
2022-08-17,151.0,4706
2022-08-18,125.0,4438
2022-08-19,109.0,4096
2022-08-20,131.0,3951
2022-08-21,128.0,4243
2022-08-22,146.0,5265
2022-08-23,137.0,4813
2022-08-24,101.0,4062
2022-08-25,118.0,4158
2022-08-26,113.0,3800
2022-08-27,83.0,3541
2022-08-28,109.0,3937
2022-08-29,103.0,4676
2022-08-30,120.0,3995
2022-08-31,117.0,3586
2022-09-01,125.0,3533
2022-09-02,113.0,3259
2022-09-03,104.0,2902
2022-09-04,116.0,3324
2022-09-05,114.0,4095
2022-09-06,119.0,3713
2022-09-07,102.0,3483
2022-09-08,83.0,3111
2022-09-09,81.0,3057
2022-09-10,77.0,3003
2022-09-11,107.0,3437
2022-09-12,122.0,4362
2022-09-13,106.0,4029
2022-09-14,124.0,4059
2022-09-15,100.0,3818
2022-09-16,94.0,3930
2022-09-17,96.0,3720
2022-09-18,124.0,4439
2022-09-19,142.0,5324
2022-09-20,139.0,5314
2022-09-21,132.0,5180
2022-09-22,133.0,5234
2022-09-23,137.0,5288
2022-09-24,192.0,5688
2022-09-25,208.0,7182
2022-09-26,242.0,8577
2022-09-27,264.0,7946
2022-09-28,256.0,7439
2022-09-29,241.0,6676
2022-09-30,205.0,6709
2022-10-01,245.0,7167
2022-10-02,310.0,8413
2022-10-03,328.0,10224
2022-10-04,312.0,9514
2022-10-05,265.0,9121
2022-10-06,259.0,8074
2022-10-07,272.0,8066
2022-10-08,250.0,7567
2022-10-09,228.0,8296
2022-10-10,329.0,10147
2022-10-11,285.0,8817
2022-10-12,271.0,8170
2022-10-13,245.0,7441
2022-10-14,218.0,6713
2022-10-15,240.0,6665
2022-10-16,253.0,7624
2022-10-17,262.0,8592
2022-10-18,194.0,7217
2022-10-19,178.0,6235
2022-10-20,169.0,5871
2022-10-21,154.0,5361
2022-10-22,156.0,4863
2022-10-23,169.0,5517
2022-10-24,204.0,6713
2022-10-25,177.0,5584
2022-10-26,157.0,5027
2022-10-27,123.0,4370
2022-10-28,127.0,4040
2022-10-29,108.0,3332
2022-10-30,111.0,3721
2022-10-31,157.0,4811
2022-11-01,135.0,5107
2022-11-02,178.0,5859
2022-11-03,178.0,5366
2022-11-04,190.0,5099
2022-11-05,175.0,4700
2022-11-06,186.0,5361
2022-11-07,244.0,6566
2022-11-08,181.0,6009
2022-11-09,173.0,5746
2022-11-10,177.0,5986
2022-11-11,178.0,6137
2022-11-12,187.0,6005
2022-11-13,211.0,7018
2022-11-14,283.0,8728
2022-11-15,253.0,7897
2022-11-16,256.0,7493
2022-11-17,221.0,6729
2022-11-18,201.0,6779
2022-11-19,217.0,6309
2022-11-20,246.0,7039
2022-11-21,310.0,8613
2022-11-22,279.0,7669
2022-11-23,234.0,6985
2022-11-24,202.0,6304
2022-11-25,203.0,5844
2022-11-26,196.0,5696
2022-11-27,267.0,6458
2022-11-28,287.0,7944
2022-11-29,248.0,6599
2022-11-30,247.0,6347
2022-12-01,263.0,6285
2022-12-02,229.0,5672
2022-12-03,194.0,5062
2022-12-04,240.0,5726
2022-12-05,260.0,6369
2022-12-06,210.0,5088
2022-12-07,178.0,4165
2022-12-08,174.0,4129
2022-12-09,196.0,4564
2022-12-10,161.0,4387
2022-12-11,211.0,4839
2022-12-12,215.0,5546
2022-12-13,161.0,4341
2022-12-14,168.0,3993
2022-12-15,145.0,3524
2022-12-16,155.0,3299
2022-12-17,107.0,2972
2022-12-18,128.0,3341
2022-12-19,172.0,3857
2022-12-20,150.0,3485
2022-12-21,133.0,3277
2022-12-22,131.0,2886
2022-12-23,121.0,2833
2022-12-24,115.0,2441
2022-12-25,96.0,2432
2022-12-26,169.0,3352
2022-12-27,186.0,4124
2022-12-28,149.0,3801
2022-12-29,132.0,3300
2022-12-30,123.0,2563
2022-12-31,109.0,2228
2023-01-01,121.0,2200
2023-01-02,145.0,2629
2023-01-03,117.0,2153
2023-01-04,108.0,1801
2023-01-05,96.0,1627
2023-01-06,78.0,1468
2023-01-07,71.0,1732
2023-01-08,98.0,1689
2023-01-09,113.0,2087
2023-01-10,73.0,1488
2023-01-11,76.0,1304
2023-01-12,59.0,1169
2023-01-13,56.0,1121
2023-01-14,47.0,940
2023-01-15,45.0,1106
2023-01-16,83.0,1325
2023-01-17,69.0,1065
2023-01-18,55.0,968
2023-01-19,48.0,838
2023-01-20,39.0,780
2023-01-21,35.0,764
2023-01-22,47.0,890
2023-01-23,58.0,1108
2023-01-24,84.0,951
2023-01-25,41.0,833
2023-01-26,43.0,805
2023-01-27,35.0,702
2023-01-28,37.0,686
2023-01-29,49.0,728
2023-01-30,48.0,946
2023-01-31,36.0,806
2023-02-01,53.0,892
2023-02-02,37.0,728
2023-02-03,54.0,765
2023-02-04,44.0,775
2023-02-05,55.0,791
2023-02-06,40.0,936
2023-02-07,41.0,750
2023-02-08,35.0,680
2023-02-09,39.0,672
2023-02-10,32.0,528
2023-02-11,45.0,613
2023-02-12,44.0,648
2023-02-13,49.0,849
2023-02-14,47.0,733
2023-02-15,38.0,714
2023-02-16,33.0,691
2023-02-17,46.0,619
2023-02-18,44.0,675
2023-02-19,48.0,779
2023-02-20,51.0,841
2023-02-21,43.0,721
2023-02-22,44.0,685
2023-02-23,61.0,656
2023-02-24,40.0,630
2023-02-25,42.0,648
2023-02-26,19.0,567
2023-02-27,51.0,821
2023-02-28,44.0,601
2023-03-01,52.0,697
2023-03-02,40.0,607
2023-03-03,33.0,555
2023-03-04,46.0,639
2023-03-05,52.0,649
2023-03-06,70.0,820
2023-03-07,47.0,730
2023-03-08,42.0,673
2023-03-09,47.0,649
2023-03-10,42.0,636
2023-03-11,39.0,597
2023-03-12,37.0,641
2023-03-13,54.0,898
2023-03-14,57.0,723
2023-03-15,37.0,674
2023-03-16,37.0,574
2023-03-17,39.0,571
2023-03-18,36.0,562
2023-03-19,54.0,683
2023-03-20,42.0,788
2023-03-21,51.0,757
2023-03-22,42.0,693
2023-03-23,33.0,654
2023-03-24,33.0,604
2023-03-25,33.0,573
2023-03-26,53.0,637
2023-03-27,46.0,763
2023-03-28,44.0,535
2023-03-29,38.0,538
2023-03-30,35.0,501
2023-03-31,39.0,491
2023-04-01,33.0,553
2023-04-02,36.0,538
2023-04-03,40.0,597
2023-04-04,40.0,489
2023-04-05,27.0,468
2023-04-06,28.0,389
2023-04-07,28.0,431
2023-04-08,24.0,457
2023-04-09,34.0,471
2023-04-10,46.0,671
2023-04-11,53.0,767
2023-04-12,43.0,672
2023-04-13,33.0,675
2023-04-14,41.0,614
2023-04-15,47.0,609
2023-04-16,37.0,675
2023-04-17,51.0,778
2023-04-18,51.0,644
2023-04-19,23.0,649
2023-04-20,33.0,536
2023-04-21,31.0,520
2023-04-22,22.0,447
2023-04-23,22.0,480
2023-04-24,36.0,719
2023-04-25,26.0,552
2023-04-26,29.0,603
2023-04-27,23.0,459
2023-04-28,28.0,459
2023-04-29,31.0,408
2023-04-30,24.0,378
2023-05-01,37.0,599
2023-05-02,31.0,594
2023-05-03,24.0,476
2023-05-04,22.0,431
2023-05-05,20.0,419
2023-05-06,29.0,375
2023-05-07,29.0,430
2023-05-08,25.0,513
2023-05-09,34.0,354
2023-05-10,28.0,330
2023-05-11,10.0,311
2023-05-12,20.0,313
2023-05-13,29.0,314
2023-05-14,20.0,310
2023-05-15,20.0,399
2023-05-16,26.0,352
2023-05-17,22.0,336
2023-05-18,19.0,295
2023-05-19,22.0,265
2023-05-20,18.0,297
2023-05-21,17.0,314
2023-05-22,22.0,410
2023-05-23,21.0,383
2023-05-24,13.0,321
2023-05-25,24.0,267
2023-05-26,22.0,231
2023-05-27,14.0,218
2023-05-28,13.0,240
2023-05-29,19.0,277
2023-05-30,19.0,227
2023-05-31,14.0,196
2023-06-01,7.0,167
2023-06-02,7.0,147
2023-06-03,12.0,184
2023-06-04,15.0,169
2023-06-05,11.0,194
2023-06-06,12.0,155
2023-06-07,10.0,147
2023-06-08,8.0,131
2023-06-09,8.0,144
2023-06-10,10.0,113
2023-06-11,14.0,123
2023-06-12,6.0,132
2023-06-13,4.0,131
2023-06-14,6.0,109
2023-06-15,11.0,128
2023-06-16,6.0,107
2023-06-17,4.0,78
2023-06-18,8.0,92
2023-06-19,5.0,123
2023-06-20,3.0,77
2023-06-21,5.0,72
2023-06-22,5.0,82
2023-06-23,2.0,76
2023-06-24,9.0,68
2023-06-25,3.0,83
2023-06-26,7.0,72
2023-06-27,7.0,77
2023-06-28,4.0,60
2023-06-29,8.0,46
2023-06-30,6.0,56
2023-07-01,3.0,71
2023-07-02,5.0,73
2023-07-03,11.0,90
2023-07-04,3.0,54
2023-07-05,4.0,59
2023-07-06,5.0,52
2023-07-07,2.0,64
2023-07-08,3.0,56
2023-07-09,2.0,68
2023-07-10,5.0,89
2023-07-11,2.0,70
2023-07-12,4.0,71
2023-07-13,3.0,65
2023-07-14,8.0,66
2023-07-15,5.0,56
2023-07-16,3.0,78
2023-07-17,11.0,79
2023-07-18,3.0,64
2023-07-19,5.0,70
2023-07-20,2.0,58
2023-07-21,6.0,82
2023-07-22,10.0,87
2023-07-23,3.0,102
2023-07-24,7.0,107
2023-07-25,12.0,89
2023-07-26,8.0,108
2023-07-27,9.0,72
2023-07-28,13.0,119
2023-07-29,5.0,110
2023-07-30,11.0,115
2023-07-31,12.0,111
2023-08-01,11.0,100
2023-08-02,14.0,110
2023-08-03,8.0,97
2023-08-04,12.0,98
2023-08-05,14.0,92
2023-08-06,12.0,93
2023-08-07,14.0,125
2023-08-08,5.0,96
2023-08-09,7.0,111
2023-08-10,10.0,85
2023-08-11,7.0,71
2023-08-12,4.0,50
2023-08-13,5.0,79
2023-08-14,4.0,106
2023-08-15,4.0,64
2023-08-16,5.0,103
2023-08-17,6.0,130
2023-08-18,2.0,131
2023-08-19,3.0,117
2023-08-20,3.0,133
2023-08-21,11.0,155
2023-08-22,7.0,148
2023-08-23,4.0,130
2023-08-24,4.0,103
2023-08-25,3.0,103
2023-08-26,4.0,114
2023-08-27,7.0,137
2023-08-28,14.0,158
2023-08-29,4.0,153
2023-08-30,3.0,148
2023-08-31,5.0,144
2023-09-01,10.0,153
2023-09-02,14.0,197
2023-09-03,17.0,226
2023-09-04,19.0,231
2023-09-05,11.0,220
2023-09-06,15.0,216
2023-09-07,7.0,181
2023-09-08,11.0,209
2023-09-09,8.0,230
2023-09-10,19.0,370
2023-09-11,12.0,356
2023-09-12,11.0,280
2023-09-13,7.0,270
2023-09-14,12.0,284
2023-09-15,4.0,238
2023-09-16,10.0,233
2023-09-17,9.0,276
2023-09-18,13.0,362
2023-09-19,11.0,270
2023-09-20,18.0,284
2023-09-21,12.0,266
2023-09-22,15.0,249
2023-09-23,11.0,222
2023-09-24,8.0,288
2023-09-25,17.0,321
2023-09-26,17.0,291
2023-09-27,10.0,214
2023-09-28,12.0,251
2023-09-29,13.0,245
2023-09-30,7.0,292
2023-10-01,14.0,230
2023-10-02,27.0,360
2023-10-03,20.0,263
2023-10-04,7.0,216
2023-10-05,12.0,256
2023-10-06,17.0,256
2023-10-07,5.0,193
2023-10-08,19.0,228
2023-10-09,15.0,285
2023-10-10,18.0,277
2023-10-11,14.0,214
2023-10-12,9.0,200
2023-10-13,14.0,238
2023-10-14,11.0,223
2023-10-15,10.0,180
2023-10-16,14.0,284
2023-10-17,11.0,216
2023-10-18,12.0,174
2023-10-19,14.0,169
2023-10-20,15.0,193
2023-10-21,9.0,184
2023-10-22,9.0,165
2023-10-23,19.0,281
2023-10-24,16.0,208
2023-10-25,15.0,195
2023-10-26,15.0,192
2023-10-27,13.0,187
2023-10-28,9.0,195
2023-10-29,7.0,153
2023-10-30,12.0,216
2023-10-31,9.0,232
2023-11-01,16.0,153
2023-11-02,17.0,221
2023-11-03,9.0,182
2023-11-04,11.0,226
2023-11-05,15.0,195
2023-11-06,19.0,310
2023-11-07,12.0,264
2023-11-08,11.0,234
2023-11-09,14.0,227
2023-11-10,7.0,232
2023-11-11,14.0,240
2023-11-12,11.0,220
2023-11-13,22.0,371
2023-11-14,22.0,349
2023-11-15,14.0,315
2023-11-16,14.0,287
2023-11-17,12.0,290
2023-11-18,14.0,309
2023-11-19,19.0,298
2023-11-20,24.0,430
2023-11-21,15.0,464
2023-11-22,21.0,406
2023-11-23,18.0,318
2023-11-24,15.0,389
2023-11-25,14.0,359
2023-11-26,19.0,329
2023-11-27,23.0,496
2023-11-28,20.0,478
2023-11-29,16.0,414
2023-11-30,20.0,399
2023-12-01,24.0,481
2023-12-02,24.0,377
2023-12-03,20.0,375
2023-12-04,22.0,574
2023-12-05,27.0,516
2023-12-06,22.0,497
2023-12-07,24.0,447
2023-12-08,19.0,362
2023-12-09,16.0,444
2023-12-10,22.0,549
2023-12-11,42.0,706
2023-12-12,34.0,584
2023-12-13,25.0,578
2023-12-14,19.0,556
2023-12-15,20.0,470
2023-12-16,25.0,353
2023-12-17,17.0,410
2023-12-18,40.0,627
2023-12-19,20.0,460
2023-12-20,26.0,479
2023-12-21,11.0,446
2023-12-22,26.0,436
2023-12-23,23.0,390
2023-12-24,13.0,315
2023-12-25,9.0,292
2023-12-26,27.0,446
2023-12-27,37.0,486
2023-12-28,23.0,454
2023-12-29,18.0,296
2023-12-30,14.0,251
2023-12-31,9.0,185
2024-01-01,13.0,212
2024-01-02,22.0,315
2024-01-03,14.0,261
2024-01-04,17.0,268
2024-01-05,11.0,204
2024-01-06,3.0,160
2024-01-07,9.0,203
2024-01-08,14.0,244
2024-01-09,6.0,168
2024-01-10,3.0,131
2024-01-11,1.0,147
2024-01-12,3.0,105
2024-01-13,1.0,83
2024-01-14,5.0,89
2024-01-15,2.0,133
2024-01-16,1.0,95
2024-01-17,2.0,112
2024-01-18,0.0,105
2024-01-19,3.0,80
2024-01-20,1.0,64
2024-01-21,1.0,52
2024-01-22,4.0,86
2024-01-23,3.0,75
2024-01-24,3.0,68
2024-01-25,0.0,56
2024-01-26,2.0,56
2024-01-27,2.0,45
2024-01-28,2.0,47
2024-01-29,0.0,74
2024-01-30,1.0,58
2024-01-31,0.0,53
2024-02-01,0.0,61
2024-02-02,1.0,43
2024-02-03,1.0,47
2024-02-04,3.0,46
2024-02-05,2.0,60
2024-02-06,0.0,42
2024-02-07,0.0,40
2024-02-08,1.0,30
2024-02-09,2.0,37
2024-02-10,0.0,26
2024-02-11,2.0,31
2024-02-12,1.0,24
2024-02-13,0.0,35
2024-02-14,0.0,42
2024-02-15,2.0,27
2024-02-16,0.0,22
2024-02-17,0.0,20
2024-02-18,1.0,24
2024-02-19,2.0,26
2024-02-20,0.0,30
2024-02-21,1.0,30
2024-02-22,1.0,22
2024-02-23,1.0,18
2024-02-24,0.0,12
2024-02-25,1.0,14
2024-02-26,0.0,20
2024-02-27,0.0,16
2024-02-28,0.0,21
2024-02-29,0.0,27
2024-03-01,0.0,20
2024-03-02,0.0,4
2024-03-03,0.0,22
2024-03-04,0.0,15
2024-03-05,1.0,14
2024-03-06,0.0,22
2024-03-07,0.0,15
2024-03-08,0.0,19
2024-03-09,1.0,10
2024-03-10,0.0,17
2024-03-11,0.0,21
2024-03-12,0.0,20
2024-03-13,1.0,16
2024-03-14,,8
2024-03-15,,11
2024-03-16,,9
2024-03-17,,6
2024-03-18,,11
2024-03-19,,4
